{
  "portfolio_metrics": {
    "total_return": 0.3983406504342854,
    "annualized_return": 0.013503649242818883,
    "sharpe_ratio": 0.3147113306290551,
    "sortino_ratio": 0.18460201780137594,
    "calmar_ratio": 0.08306434476525822,
    "max_drawdown": 0.16256853985883488,
    "drawdown_duration": 144,
    "volatility": 0.04290804915039873,
    "win_rate": 0.45454545454545453,
    "profit_factor": 0.19595692497879838,
    "total_trades": 22,
    "avg_trade_return": -0.0009256776392080307,
    "best_trade": 0.0013961983948648157,
    "worst_trade": -0.009570270355657301,
    "avg_hold_time": 30.0,
    "cash_drag": 0.8839207134921657,
    "diversification_score": 0.02299202942979767
  },
  "ticker_summary": {
    "aa": {
      "ticker": "aa",
      "total_return": 0.0,
      "annualized_return": 0.0,
      "sharpe_ratio": 0.0,
      "sortino_ratio": 0.0,
      "calmar_ratio": 0.0,
      "max_drawdown": 0.0,
      "drawdown_duration": 0,
      "volatility": 0.0,
      "win_rate": 0.0,
      "avg_win": 0.0,
      "avg_loss": 0.0,
      "profit_factor": 0.0,
      "contribution_to_portfolio": 0.0,
      "num_trades": 0,
      "avg_hold_time": 0.0
    },
    "aaau": {
      "ticker": "aaau",
      "total_return": 0.25104564635406856,
      "annualized_return": 0.00900068005717114,
      "sharpe_ratio": 0.0,
      "sortino_ratio": 0.0,
      "calmar_ratio": 0.0,
      "max_drawdown": 0.0,
      "drawdown_duration": 0,
      "volatility": 0.0,
      "win_rate": 0.0,
      "avg_win": 0.0,
      "avg_loss": -0.5520934214689407,
      "profit_factor": 0.0,
      "contribution_to_portfolio": 0.9192914945771793,
      "num_trades": 22,
      "avg_hold_time": 5.0
    },
    "aacg": {
      "ticker": "aacg",
      "total_return": 0.0,
      "annualized_return": 0.0,
      "sharpe_ratio": 0.0,
      "sortino_ratio": 0.0,
      "calmar_ratio": 0.0,
      "max_drawdown": 0.0,
      "drawdown_duration": 0,
      "volatility": 0.0,
      "win_rate": 0.0,
      "avg_win": 0.0,
      "avg_loss": 0.0,
      "profit_factor": 0.0,
      "contribution_to_portfolio": 0.0,
      "num_trades": 0,
      "avg_hold_time": 0.0
    }
  }
}